date,value,Series
1992-01-01,10.8,Less Than a High School Diploma
1992-02-01,11.0,Less Than a High School Diploma
1992-03-01,11.2,Less Than a High School Diploma
1992-04-01,10.8,Less Than a High School Diploma
1992-05-01,12.2,Less Than a High School Diploma
1992-06-01,11.9,Less Than a High School Diploma
1992-07-01,11.9,Less Than a High School Diploma
1992-08-01,11.8,Less Than a High School Diploma
1992-09-01,11.7,Less Than a High School Diploma
1992-10-01,11.5,Less Than a High School Diploma
1992-11-01,11.6,Less Than a High School Diploma
1992-12-01,11.3,Less Than a High School Diploma
1993-01-01,11.1,Less Than a High School Diploma
1993-02-01,11.1,Less Than a High School Diploma
1993-03-01,10.9,Less Than a High School Diploma
1993-04-01,10.9,Less Than a High School Diploma
1993-05-01,10.8,Less Than a High School Diploma
1993-06-01,11.2,Less Than a High School Diploma
1993-07-01,10.4,Less Than a High School Diploma
1993-08-01,10.5,Less Than a High School Diploma
1993-09-01,10.7,Less Than a High School Diploma
1993-10-01,10.7,Less Than a High School Diploma
1993-11-01,10.5,Less Than a High School Diploma
1993-12-01,11.0,Less Than a High School Diploma
1994-01-01,10.7,Less Than a High School Diploma
1994-02-01,10.4,Less Than a High School Diploma
1994-03-01,10.5,Less Than a High School Diploma
1994-04-01,10.1,Less Than a High School Diploma
1994-05-01,9.3,Less Than a High School Diploma
1994-06-01,9.7,Less Than a High School Diploma
1994-07-01,9.8,Less Than a High School Diploma
1994-08-01,9.8,Less Than a High School Diploma
1994-09-01,9.6,Less Than a High School Diploma
1994-10-01,9.7,Less Than a High School Diploma
1994-11-01,9.2,Less Than a High School Diploma
1994-12-01,8.5,Less Than a High School Diploma
1995-01-01,9.2,Less Than a High School Diploma
1995-02-01,8.9,Less Than a High School Diploma
1995-03-01,8.0,Less Than a High School Diploma
1995-04-01,8.8,Less Than a High School Diploma
1995-05-01,8.7,Less Than a High School Diploma
1995-06-01,8.7,Less Than a High School Diploma
1995-07-01,9.0,Less Than a High School Diploma
1995-08-01,9.5,Less Than a High School Diploma
1995-09-01,9.1,Less Than a High School Diploma
1995-10-01,9.1,Less Than a High School Diploma
1995-11-01,9.3,Less Than a High School Diploma
1995-12-01,9.2,Less Than a High School Diploma
1996-01-01,8.7,Less Than a High School Diploma
1996-02-01,8.9,Less Than a High School Diploma
1996-03-01,9.2,Less Than a High School Diploma
1996-04-01,9.1,Less Than a High School Diploma
1996-05-01,9.7,Less Than a High School Diploma
1996-06-01,8.6,Less Than a High School Diploma
1996-07-01,8.8,Less Than a High School Diploma
1996-08-01,8.5,Less Than a High School Diploma
1996-09-01,8.2,Less Than a High School Diploma
1996-10-01,7.8,Less Than a High School Diploma
1996-11-01,8.4,Less Than a High School Diploma
1996-12-01,8.3,Less Than a High School Diploma
1997-01-01,8.8,Less Than a High School Diploma
1997-02-01,8.8,Less Than a High School Diploma
1997-03-01,8.3,Less Than a High School Diploma
1997-04-01,8.4,Less Than a High School Diploma
1997-05-01,8.5,Less Than a High School Diploma
1997-06-01,8.2,Less Than a High School Diploma
1997-07-01,7.7,Less Than a High School Diploma
1997-08-01,7.6,Less Than a High School Diploma
1997-09-01,8.0,Less Than a High School Diploma
1997-10-01,7.8,Less Than a High School Diploma
1997-11-01,7.4,Less Than a High School Diploma
1997-12-01,7.5,Less Than a High School Diploma
1998-01-01,7.0,Less Than a High School Diploma
1998-02-01,7.1,Less Than a High School Diploma
1998-03-01,7.1,Less Than a High School Diploma
1998-04-01,7.2,Less Than a High School Diploma
1998-05-01,7.0,Less Than a High School Diploma
1998-06-01,7.2,Less Than a High School Diploma
1998-07-01,7.2,Less Than a High School Diploma
1998-08-01,7.1,Less Than a High School Diploma
1998-09-01,6.9,Less Than a High School Diploma
1998-10-01,6.9,Less Than a High School Diploma
1998-11-01,7.1,Less Than a High School Diploma
1998-12-01,6.9,Less Than a High School Diploma
1999-01-01,7.1,Less Than a High School Diploma
1999-02-01,7.5,Less Than a High School Diploma
1999-03-01,6.1,Less Than a High School Diploma
1999-04-01,6.9,Less Than a High School Diploma
1999-05-01,6.8,Less Than a High School Diploma
1999-06-01,6.8,Less Than a High School Diploma
1999-07-01,6.9,Less Than a High School Diploma
1999-08-01,7.1,Less Than a High School Diploma
1999-09-01,6.9,Less Than a High School Diploma
1999-10-01,6.6,Less Than a High School Diploma
1999-11-01,6.4,Less Than a High School Diploma
1999-12-01,5.8,Less Than a High School Diploma
2000-01-01,6.4,Less Than a High School Diploma
2000-02-01,6.0,Less Than a High School Diploma
2000-03-01,6.6,Less Than a High School Diploma
2000-04-01,6.2,Less Than a High School Diploma
2000-05-01,6.9,Less Than a High School Diploma
2000-06-01,6.3,Less Than a High School Diploma
2000-07-01,6.4,Less Than a High School Diploma
2000-08-01,6.2,Less Than a High School Diploma
2000-09-01,6.2,Less Than a High School Diploma
2000-10-01,6.4,Less Than a High School Diploma
2000-11-01,6.5,Less Than a High School Diploma
2000-12-01,5.9,Less Than a High School Diploma
2001-01-01,6.7,Less Than a High School Diploma
2001-02-01,7.5,Less Than a High School Diploma
2001-03-01,6.8,Less Than a High School Diploma
2001-04-01,6.8,Less Than a High School Diploma
2001-05-01,6.6,Less Than a High School Diploma
2001-06-01,6.9,Less Than a High School Diploma
2001-07-01,6.8,Less Than a High School Diploma
2001-08-01,7.2,Less Than a High School Diploma
2001-09-01,7.7,Less Than a High School Diploma
2001-10-01,7.6,Less Than a High School Diploma
2001-11-01,8.0,Less Than a High School Diploma
2001-12-01,8.3,Less Than a High School Diploma
2002-01-01,8.2,Less Than a High School Diploma
2002-02-01,8.3,Less Than a High School Diploma
2002-03-01,8.1,Less Than a High School Diploma
2002-04-01,9.1,Less Than a High School Diploma
2002-05-01,8.3,Less Than a High School Diploma
2002-06-01,7.8,Less Than a High School Diploma
2002-07-01,8.6,Less Than a High School Diploma
2002-08-01,8.4,Less Than a High School Diploma
2002-09-01,7.8,Less Than a High School Diploma
2002-10-01,8.7,Less Than a High School Diploma
2002-11-01,9.0,Less Than a High School Diploma
2002-12-01,8.9,Less Than a High School Diploma
2003-01-01,8.8,Less Than a High School Diploma
2003-02-01,8.9,Less Than a High School Diploma
2003-03-01,8.6,Less Than a High School Diploma
2003-04-01,8.5,Less Than a High School Diploma
2003-05-01,9.0,Less Than a High School Diploma
2003-06-01,9.4,Less Than a High School Diploma
2003-07-01,8.8,Less Than a High School Diploma
2003-08-01,9.3,Less Than a High School Diploma
2003-09-01,8.6,Less Than a High School Diploma
2003-10-01,9.0,Less Than a High School Diploma
2003-11-01,8.7,Less Than a High School Diploma
2003-12-01,7.9,Less Than a High School Diploma
2004-01-01,9.1,Less Than a High School Diploma
2004-02-01,8.6,Less Than a High School Diploma
2004-03-01,8.8,Less Than a High School Diploma
2004-04-01,8.6,Less Than a High School Diploma
2004-05-01,8.8,Less Than a High School Diploma
2004-06-01,8.7,Less Than a High School Diploma
2004-07-01,8.2,Less Than a High School Diploma
2004-08-01,8.1,Less Than a High School Diploma
2004-09-01,8.7,Less Than a High School Diploma
2004-10-01,8.4,Less Than a High School Diploma
2004-11-01,8.0,Less Than a High School Diploma
2004-12-01,8.1,Less Than a High School Diploma
2005-01-01,7.7,Less Than a High School Diploma
2005-02-01,7.8,Less Than a High School Diploma
2005-03-01,7.8,Less Than a High School Diploma
2005-04-01,8.2,Less Than a High School Diploma
2005-05-01,7.8,Less Than a High School Diploma
2005-06-01,6.9,Less Than a High School Diploma
2005-07-01,7.5,Less Than a High School Diploma
2005-08-01,7.5,Less Than a High School Diploma
2005-09-01,8.2,Less Than a High School Diploma
2005-10-01,7.3,Less Than a High School Diploma
2005-11-01,7.4,Less Than a High School Diploma
2005-12-01,7.4,Less Than a High School Diploma
2006-01-01,7.0,Less Than a High School Diploma
2006-02-01,7.1,Less Than a High School Diploma
2006-03-01,6.9,Less Than a High School Diploma
2006-04-01,6.9,Less Than a High School Diploma
2006-05-01,7.0,Less Than a High School Diploma
2006-06-01,7.1,Less Than a High School Diploma
2006-07-01,7.1,Less Than a High School Diploma
2006-08-01,6.8,Less Than a High School Diploma
2006-09-01,6.4,Less Than a High School Diploma
2006-10-01,5.8,Less Than a High School Diploma
2006-11-01,6.6,Less Than a High School Diploma
2006-12-01,6.7,Less Than a High School Diploma
2007-01-01,6.9,Less Than a High School Diploma
2007-02-01,7.3,Less Than a High School Diploma
2007-03-01,6.9,Less Than a High School Diploma
2007-04-01,7.1,Less Than a High School Diploma
2007-05-01,6.6,Less Than a High School Diploma
2007-06-01,6.7,Less Than a High School Diploma
2007-07-01,7.3,Less Than a High School Diploma
2007-08-01,6.5,Less Than a High School Diploma
2007-09-01,7.6,Less Than a High School Diploma
2007-10-01,7.3,Less Than a High School Diploma
2007-11-01,7.7,Less Than a High School Diploma
2007-12-01,7.7,Less Than a High School Diploma
2008-01-01,7.7,Less Than a High School Diploma
2008-02-01,7.4,Less Than a High School Diploma
2008-03-01,8.4,Less Than a High School Diploma
2008-04-01,7.7,Less Than a High School Diploma
2008-05-01,8.1,Less Than a High School Diploma
2008-06-01,8.7,Less Than a High School Diploma
2008-07-01,8.6,Less Than a High School Diploma
2008-08-01,9.7,Less Than a High School Diploma
2008-09-01,9.8,Less Than a High School Diploma
2008-10-01,10.3,Less Than a High School Diploma
2008-11-01,10.8,Less Than a High School Diploma
2008-12-01,11.1,Less Than a High School Diploma
2009-01-01,12.4,Less Than a High School Diploma
2009-02-01,13.2,Less Than a High School Diploma
2009-03-01,14.0,Less Than a High School Diploma
2009-04-01,14.9,Less Than a High School Diploma
2009-05-01,15.2,Less Than a High School Diploma
2009-06-01,15.6,Less Than a High School Diploma
2009-07-01,15.3,Less Than a High School Diploma
2009-08-01,15.6,Less Than a High School Diploma
2009-09-01,14.9,Less Than a High School Diploma
2009-10-01,15.2,Less Than a High School Diploma
2009-11-01,14.7,Less Than a High School Diploma
2009-12-01,15.0,Less Than a High School Diploma
2010-01-01,15.3,Less Than a High School Diploma
2010-02-01,15.8,Less Than a High School Diploma
2010-03-01,14.9,Less Than a High School Diploma
2010-04-01,14.7,Less Than a High School Diploma
2010-05-01,14.6,Less Than a High School Diploma
2010-06-01,14.2,Less Than a High School Diploma
2010-07-01,13.5,Less Than a High School Diploma
2010-08-01,14.1,Less Than a High School Diploma
2010-09-01,15.6,Less Than a High School Diploma
2010-10-01,15.0,Less Than a High School Diploma
2010-11-01,15.4,Less Than a High School Diploma
2010-12-01,15.0,Less Than a High School Diploma
2011-01-01,14.3,Less Than a High School Diploma
2011-02-01,14.0,Less Than a High School Diploma
2011-03-01,14.1,Less Than a High School Diploma
2011-04-01,14.7,Less Than a High School Diploma
2011-05-01,14.5,Less Than a High School Diploma
2011-06-01,14.4,Less Than a High School Diploma
2011-07-01,14.5,Less Than a High School Diploma
2011-08-01,14.1,Less Than a High School Diploma
2011-09-01,14.3,Less Than a High School Diploma
2011-10-01,13.5,Less Than a High School Diploma
2011-11-01,12.8,Less Than a High School Diploma
2011-12-01,13.7,Less Than a High School Diploma
2012-01-01,13.0,Less Than a High School Diploma
2012-02-01,13.1,Less Than a High School Diploma
2012-03-01,12.8,Less Than a High School Diploma
2012-04-01,12.5,Less Than a High School Diploma
2012-05-01,12.9,Less Than a High School Diploma
2012-06-01,12.6,Less Than a High School Diploma
2012-07-01,12.4,Less Than a High School Diploma
2012-08-01,11.8,Less Than a High School Diploma
2012-09-01,11.7,Less Than a High School Diploma
2012-10-01,12.1,Less Than a High School Diploma
2012-11-01,12.0,Less Than a High School Diploma
2012-12-01,11.8,Less Than a High School Diploma
2013-01-01,12.0,Less Than a High School Diploma
2013-02-01,11.3,Less Than a High School Diploma
2013-03-01,11.1,Less Than a High School Diploma
2013-04-01,11.6,Less Than a High School Diploma
2013-05-01,11.0,Less Than a High School Diploma
2013-06-01,10.7,Less Than a High School Diploma
2013-07-01,10.8,Less Than a High School Diploma
2013-08-01,11.1,Less Than a High School Diploma
2013-09-01,10.5,Less Than a High School Diploma
2013-10-01,10.9,Less Than a High School Diploma
2013-11-01,10.7,Less Than a High School Diploma
2013-12-01,9.8,Less Than a High School Diploma
2014-01-01,9.4,Less Than a High School Diploma
2014-02-01,9.8,Less Than a High School Diploma
2014-03-01,9.4,Less Than a High School Diploma
2014-04-01,8.7,Less Than a High School Diploma
2014-05-01,9.2,Less Than a High School Diploma
2014-06-01,9.2,Less Than a High School Diploma
2014-07-01,9.5,Less Than a High School Diploma
2014-08-01,9.2,Less Than a High School Diploma
2014-09-01,8.5,Less Than a High School Diploma
2014-10-01,8.1,Less Than a High School Diploma
2014-11-01,8.6,Less Than a High School Diploma
2014-12-01,8.6,Less Than a High School Diploma
2015-01-01,8.3,Less Than a High School Diploma
2015-02-01,8.2,Less Than a High School Diploma
2015-03-01,8.6,Less Than a High School Diploma
2015-04-01,8.4,Less Than a High School Diploma
2015-05-01,8.7,Less Than a High School Diploma
2015-06-01,8.2,Less Than a High School Diploma
2015-07-01,8.3,Less Than a High School Diploma
2015-08-01,7.9,Less Than a High School Diploma
2015-09-01,7.9,Less Than a High School Diploma
2015-10-01,7.6,Less Than a High School Diploma
2015-11-01,6.8,Less Than a High School Diploma
2015-12-01,6.4,Less Than a High School Diploma
2016-01-01,7.1,Less Than a High School Diploma
2016-02-01,7.0,Less Than a High School Diploma
2016-03-01,7.3,Less Than a High School Diploma
2016-04-01,7.6,Less Than a High School Diploma
2016-05-01,7.4,Less Than a High School Diploma
2016-06-01,7.6,Less Than a High School Diploma
2016-07-01,6.5,Less Than a High School Diploma
2016-08-01,7.4,Less Than a High School Diploma
2016-09-01,8.7,Less Than a High School Diploma
2016-10-01,7.5,Less Than a High School Diploma
2016-11-01,7.9,Less Than a High School Diploma
2016-12-01,7.5,Less Than a High School Diploma
2017-01-01,7.4,Less Than a High School Diploma
2017-02-01,7.5,Less Than a High School Diploma
2017-03-01,6.5,Less Than a High School Diploma
2017-04-01,6.5,Less Than a High School Diploma
2017-05-01,6.1,Less Than a High School Diploma
2017-06-01,6.5,Less Than a High School Diploma
2017-07-01,7.1,Less Than a High School Diploma
2017-08-01,6.1,Less Than a High School Diploma
2017-09-01,6.7,Less Than a High School Diploma
2017-10-01,6.0,Less Than a High School Diploma
2017-11-01,5.4,Less Than a High School Diploma
2017-12-01,6.3,Less Than a High School Diploma
2018-01-01,5.4,Less Than a High School Diploma
2018-02-01,5.7,Less Than a High School Diploma
2018-03-01,5.5,Less Than a High School Diploma
2018-04-01,5.9,Less Than a High School Diploma
2018-05-01,5.2,Less Than a High School Diploma
2018-06-01,5.5,Less Than a High School Diploma
2018-07-01,5.0,Less Than a High School Diploma
2018-08-01,5.6,Less Than a High School Diploma
2018-09-01,5.7,Less Than a High School Diploma
2018-10-01,5.9,Less Than a High School Diploma
2018-11-01,5.9,Less Than a High School Diploma
2018-12-01,5.9,Less Than a High School Diploma
2019-01-01,5.7,Less Than a High School Diploma
2019-02-01,5.4,Less Than a High School Diploma
2019-03-01,5.9,Less Than a High School Diploma
2019-04-01,5.3,Less Than a High School Diploma
2019-05-01,5.1,Less Than a High School Diploma
2019-06-01,5.2,Less Than a High School Diploma
2019-07-01,4.9,Less Than a High School Diploma
2019-08-01,5.4,Less Than a High School Diploma
2019-09-01,4.9,Less Than a High School Diploma
2019-10-01,5.6,Less Than a High School Diploma
2019-11-01,5.6,Less Than a High School Diploma
2019-12-01,5.4,Less Than a High School Diploma
2020-01-01,5.6,Less Than a High School Diploma
2020-02-01,5.8,Less Than a High School Diploma
2020-03-01,7.0,Less Than a High School Diploma
2020-04-01,21.2,Less Than a High School Diploma
2020-05-01,19.6,Less Than a High School Diploma
2020-06-01,16.5,Less Than a High School Diploma
2020-07-01,15.0,Less Than a High School Diploma
2020-08-01,12.5,Less Than a High School Diploma
2020-09-01,10.6,Less Than a High School Diploma
2020-10-01,9.8,Less Than a High School Diploma
2020-11-01,9.4,Less Than a High School Diploma
2020-12-01,9.9,Less Than a High School Diploma
2021-01-01,9.0,Less Than a High School Diploma
2021-02-01,10.2,Less Than a High School Diploma
2021-03-01,8.4,Less Than a High School Diploma
2021-04-01,9.4,Less Than a High School Diploma
2021-05-01,9.0,Less Than a High School Diploma
2021-06-01,10.3,Less Than a High School Diploma
2021-07-01,9.3,Less Than a High School Diploma
2021-08-01,7.7,Less Than a High School Diploma
2021-09-01,7.6,Less Than a High School Diploma
2021-10-01,7.1,Less Than a High School Diploma
2021-11-01,5.7,Less Than a High School Diploma
2021-12-01,5.3,Less Than a High School Diploma
2022-01-01,6.3,Less Than a High School Diploma
2022-02-01,4.5,Less Than a High School Diploma
2022-03-01,5.3,Less Than a High School Diploma
2022-04-01,5.4,Less Than a High School Diploma
2022-05-01,5.2,Less Than a High School Diploma
2022-06-01,5.7,Less Than a High School Diploma
2022-07-01,5.8,Less Than a High School Diploma
2022-08-01,6.1,Less Than a High School Diploma
2022-09-01,5.5,Less Than a High School Diploma
2022-10-01,6.2,Less Than a High School Diploma
2022-11-01,4.4,Less Than a High School Diploma
2022-12-01,5.0,Less Than a High School Diploma
2023-01-01,4.5,Less Than a High School Diploma
2023-02-01,5.8,Less Than a High School Diploma
1992-01-01,6.8,"High School Graduates, No College"
1992-02-01,7.0,"High School Graduates, No College"
1992-03-01,6.9,"High School Graduates, No College"
1992-04-01,6.9,"High School Graduates, No College"
1992-05-01,6.9,"High School Graduates, No College"
1992-06-01,6.8,"High School Graduates, No College"
1992-07-01,6.6,"High School Graduates, No College"
1992-08-01,7.3,"High School Graduates, No College"
1992-09-01,6.7,"High School Graduates, No College"
1992-10-01,6.6,"High School Graduates, No College"
1992-11-01,6.7,"High School Graduates, No College"
1992-12-01,6.8,"High School Graduates, No College"
1993-01-01,6.6,"High School Graduates, No College"
1993-02-01,6.3,"High School Graduates, No College"
1993-03-01,6.4,"High School Graduates, No College"
1993-04-01,6.3,"High School Graduates, No College"
1993-05-01,6.4,"High School Graduates, No College"
1993-06-01,6.4,"High School Graduates, No College"
1993-07-01,6.3,"High School Graduates, No College"
1993-08-01,6.1,"High School Graduates, No College"
1993-09-01,6.2,"High School Graduates, No College"
1993-10-01,6.3,"High School Graduates, No College"
1993-11-01,6.0,"High School Graduates, No College"
1993-12-01,5.9,"High School Graduates, No College"
1994-01-01,5.8,"High School Graduates, No College"
1994-02-01,6.1,"High School Graduates, No College"
1994-03-01,5.8,"High School Graduates, No College"
1994-04-01,5.6,"High School Graduates, No College"
1994-05-01,5.3,"High School Graduates, No College"
1994-06-01,5.4,"High School Graduates, No College"
1994-07-01,5.2,"High School Graduates, No College"
1994-08-01,5.4,"High School Graduates, No College"
1994-09-01,5.0,"High School Graduates, No College"
1994-10-01,4.9,"High School Graduates, No College"
1994-11-01,4.8,"High School Graduates, No College"
1994-12-01,4.7,"High School Graduates, No College"
1995-01-01,5.0,"High School Graduates, No College"
1995-02-01,4.7,"High School Graduates, No College"
1995-03-01,4.5,"High School Graduates, No College"
1995-04-01,5.1,"High School Graduates, No College"
1995-05-01,5.0,"High School Graduates, No College"
1995-06-01,4.7,"High School Graduates, No College"
1995-07-01,4.7,"High School Graduates, No College"
1995-08-01,4.5,"High School Graduates, No College"
1995-09-01,4.7,"High School Graduates, No College"
1995-10-01,4.5,"High School Graduates, No College"
1995-11-01,4.8,"High School Graduates, No College"
1995-12-01,4.7,"High School Graduates, No College"
1996-01-01,4.9,"High School Graduates, No College"
1996-02-01,4.7,"High School Graduates, No College"
1996-03-01,4.7,"High School Graduates, No College"
1996-04-01,4.8,"High School Graduates, No College"
1996-05-01,4.8,"High School Graduates, No College"
1996-06-01,4.6,"High School Graduates, No College"
1996-07-01,4.7,"High School Graduates, No College"
1996-08-01,4.4,"High School Graduates, No College"
1996-09-01,4.5,"High School Graduates, No College"
1996-10-01,4.6,"High School Graduates, No College"
1996-11-01,4.6,"High School Graduates, No College"
1996-12-01,4.5,"High School Graduates, No College"
1997-01-01,4.5,"High School Graduates, No College"
1997-02-01,4.6,"High School Graduates, No College"
1997-03-01,4.4,"High School Graduates, No College"
1997-04-01,4.3,"High School Graduates, No College"
1997-05-01,4.2,"High School Graduates, No College"
1997-06-01,4.3,"High School Graduates, No College"
1997-07-01,4.2,"High School Graduates, No College"
1997-08-01,4.2,"High School Graduates, No College"
1997-09-01,4.1,"High School Graduates, No College"
1997-10-01,4.1,"High School Graduates, No College"
1997-11-01,3.8,"High School Graduates, No College"
1997-12-01,4.0,"High School Graduates, No College"
1998-01-01,4.0,"High School Graduates, No College"
1998-02-01,4.0,"High School Graduates, No College"
1998-03-01,4.2,"High School Graduates, No College"
1998-04-01,3.9,"High School Graduates, No College"
1998-05-01,3.7,"High School Graduates, No College"
1998-06-01,4.0,"High School Graduates, No College"
1998-07-01,4.1,"High School Graduates, No College"
1998-08-01,3.9,"High School Graduates, No College"
1998-09-01,4.1,"High School Graduates, No College"
1998-10-01,4.0,"High School Graduates, No College"
1998-11-01,3.9,"High School Graduates, No College"
1998-12-01,3.8,"High School Graduates, No College"
1999-01-01,3.5,"High School Graduates, No College"
1999-02-01,3.5,"High School Graduates, No College"
1999-03-01,3.5,"High School Graduates, No College"
1999-04-01,3.5,"High School Graduates, No College"
1999-05-01,3.5,"High School Graduates, No College"
1999-06-01,3.8,"High School Graduates, No College"
1999-07-01,3.6,"High School Graduates, No College"
1999-08-01,3.5,"High School Graduates, No College"
1999-09-01,3.7,"High School Graduates, No College"
1999-10-01,3.4,"High School Graduates, No College"
1999-11-01,3.2,"High School Graduates, No College"
1999-12-01,3.5,"High School Graduates, No College"
2000-01-01,3.4,"High School Graduates, No College"
2000-02-01,3.4,"High School Graduates, No College"
2000-03-01,3.3,"High School Graduates, No College"
2000-04-01,3.3,"High School Graduates, No College"
2000-05-01,3.4,"High School Graduates, No College"
2000-06-01,3.4,"High School Graduates, No College"
2000-07-01,3.4,"High School Graduates, No College"
2000-08-01,3.7,"High School Graduates, No College"
2000-09-01,3.5,"High School Graduates, No College"
2000-10-01,3.6,"High School Graduates, No College"
2000-11-01,3.5,"High School Graduates, No College"
2000-12-01,3.5,"High School Graduates, No College"
2001-01-01,3.8,"High School Graduates, No College"
2001-02-01,3.7,"High School Graduates, No College"
2001-03-01,3.8,"High School Graduates, No College"
2001-04-01,3.7,"High School Graduates, No College"
2001-05-01,3.9,"High School Graduates, No College"
2001-06-01,3.8,"High School Graduates, No College"
2001-07-01,4.1,"High School Graduates, No College"
2001-08-01,4.4,"High School Graduates, No College"
2001-09-01,4.4,"High School Graduates, No College"
2001-10-01,4.7,"High School Graduates, No College"
2001-11-01,5.0,"High School Graduates, No College"
2001-12-01,4.9,"High School Graduates, No College"
2002-01-01,5.3,"High School Graduates, No College"
2002-02-01,5.3,"High School Graduates, No College"
2002-03-01,5.4,"High School Graduates, No College"
2002-04-01,5.5,"High School Graduates, No College"
2002-05-01,5.5,"High School Graduates, No College"
2002-06-01,5.4,"High School Graduates, No College"
2002-07-01,5.1,"High School Graduates, No College"
2002-08-01,5.2,"High School Graduates, No College"
2002-09-01,5.0,"High School Graduates, No College"
2002-10-01,4.9,"High School Graduates, No College"
2002-11-01,5.2,"High School Graduates, No College"
2002-12-01,5.3,"High School Graduates, No College"
2003-01-01,5.2,"High School Graduates, No College"
2003-02-01,5.4,"High School Graduates, No College"
2003-03-01,5.5,"High School Graduates, No College"
2003-04-01,5.7,"High School Graduates, No College"
2003-05-01,5.6,"High School Graduates, No College"
2003-06-01,5.7,"High School Graduates, No College"
2003-07-01,5.4,"High School Graduates, No College"
2003-08-01,5.4,"High School Graduates, No College"
2003-09-01,5.3,"High School Graduates, No College"
2003-10-01,5.5,"High School Graduates, No College"
2003-11-01,5.3,"High School Graduates, No College"
2003-12-01,5.4,"High School Graduates, No College"
2004-01-01,4.9,"High School Graduates, No College"
2004-02-01,5.0,"High School Graduates, No College"
2004-03-01,5.3,"High School Graduates, No College"
2004-04-01,5.3,"High School Graduates, No College"
2004-05-01,5.1,"High School Graduates, No College"
2004-06-01,5.2,"High School Graduates, No College"
2004-07-01,5.0,"High School Graduates, No College"
2004-08-01,4.9,"High School Graduates, No College"
2004-09-01,4.7,"High School Graduates, No College"
2004-10-01,4.8,"High School Graduates, No College"
2004-11-01,4.8,"High School Graduates, No College"
2004-12-01,4.8,"High School Graduates, No College"
2005-01-01,4.7,"High School Graduates, No College"
2005-02-01,4.9,"High School Graduates, No College"
2005-03-01,4.7,"High School Graduates, No College"
2005-04-01,4.4,"High School Graduates, No College"
2005-05-01,4.5,"High School Graduates, No College"
2005-06-01,4.8,"High School Graduates, No College"
2005-07-01,4.8,"High School Graduates, No College"
2005-08-01,4.7,"High School Graduates, No College"
2005-09-01,4.9,"High School Graduates, No College"
2005-10-01,4.8,"High School Graduates, No College"
2005-11-01,4.8,"High School Graduates, No College"
2005-12-01,4.5,"High School Graduates, No College"
2006-01-01,4.4,"High School Graduates, No College"
2006-02-01,4.4,"High School Graduates, No College"
2006-03-01,4.1,"High School Graduates, No College"
2006-04-01,4.4,"High School Graduates, No College"
2006-05-01,4.3,"High School Graduates, No College"
2006-06-01,4.1,"High School Graduates, No College"
2006-07-01,4.5,"High School Graduates, No College"
2006-08-01,4.6,"High School Graduates, No College"
2006-09-01,4.1,"High School Graduates, No College"
2006-10-01,4.1,"High School Graduates, No College"
2006-11-01,4.3,"High School Graduates, No College"
2006-12-01,4.3,"High School Graduates, No College"
2007-01-01,4.3,"High School Graduates, No College"
2007-02-01,4.3,"High School Graduates, No College"
2007-03-01,4.0,"High School Graduates, No College"
2007-04-01,4.1,"High School Graduates, No College"
2007-05-01,4.4,"High School Graduates, No College"
2007-06-01,4.1,"High School Graduates, No College"
2007-07-01,4.6,"High School Graduates, No College"
2007-08-01,4.4,"High School Graduates, No College"
2007-09-01,4.5,"High School Graduates, No College"
2007-10-01,4.6,"High School Graduates, No College"
2007-11-01,4.5,"High School Graduates, No College"
2007-12-01,4.7,"High School Graduates, No College"
2008-01-01,4.7,"High School Graduates, No College"
2008-02-01,4.7,"High School Graduates, No College"
2008-03-01,5.1,"High School Graduates, No College"
2008-04-01,5.0,"High School Graduates, No College"
2008-05-01,5.0,"High School Graduates, No College"
2008-06-01,5.1,"High School Graduates, No College"
2008-07-01,5.4,"High School Graduates, No College"
2008-08-01,5.8,"High School Graduates, No College"
2008-09-01,6.2,"High School Graduates, No College"
2008-10-01,6.4,"High School Graduates, No College"
2008-11-01,7.0,"High School Graduates, No College"
2008-12-01,7.8,"High School Graduates, No College"
2009-01-01,8.2,"High School Graduates, No College"
2009-02-01,8.5,"High School Graduates, No College"
2009-03-01,9.2,"High School Graduates, No College"
2009-04-01,9.5,"High School Graduates, No College"
2009-05-01,10.0,"High School Graduates, No College"
2009-06-01,9.7,"High School Graduates, No College"
2009-07-01,9.5,"High School Graduates, No College"
2009-08-01,9.7,"High School Graduates, No College"
2009-09-01,10.6,"High School Graduates, No College"
2009-10-01,11.0,"High School Graduates, No College"
2009-11-01,10.3,"High School Graduates, No College"
2009-12-01,10.6,"High School Graduates, No College"
2010-01-01,10.2,"High School Graduates, No College"
2010-02-01,10.7,"High School Graduates, No College"
2010-03-01,11.0,"High School Graduates, No College"
2010-04-01,10.8,"High School Graduates, No College"
2010-05-01,10.9,"High School Graduates, No College"
2010-06-01,10.6,"High School Graduates, No College"
2010-07-01,10.0,"High School Graduates, No College"
2010-08-01,10.0,"High School Graduates, No College"
2010-09-01,9.7,"High School Graduates, No College"
2010-10-01,9.8,"High School Graduates, No College"
2010-11-01,10.0,"High School Graduates, No College"
2010-12-01,9.8,"High School Graduates, No College"
2011-01-01,9.5,"High School Graduates, No College"
2011-02-01,9.7,"High School Graduates, No College"
2011-03-01,9.7,"High School Graduates, No College"
2011-04-01,9.9,"High School Graduates, No College"
2011-05-01,9.6,"High School Graduates, No College"
2011-06-01,10.0,"High School Graduates, No College"
2011-07-01,9.1,"High School Graduates, No College"
2011-08-01,9.3,"High School Graduates, No College"
2011-09-01,9.4,"High School Graduates, No College"
2011-10-01,9.4,"High School Graduates, No College"
2011-11-01,8.8,"High School Graduates, No College"
2011-12-01,8.7,"High School Graduates, No College"
2012-01-01,8.5,"High School Graduates, No College"
2012-02-01,8.3,"High School Graduates, No College"
2012-03-01,8.1,"High School Graduates, No College"
2012-04-01,8.0,"High School Graduates, No College"
2012-05-01,8.3,"High School Graduates, No College"
2012-06-01,8.6,"High School Graduates, No College"
2012-07-01,8.5,"High School Graduates, No College"
2012-08-01,8.6,"High School Graduates, No College"
2012-09-01,8.5,"High School Graduates, No College"
2012-10-01,8.3,"High School Graduates, No College"
2012-11-01,8.0,"High School Graduates, No College"
2012-12-01,8.0,"High School Graduates, No College"
2013-01-01,8.1,"High School Graduates, No College"
2013-02-01,7.9,"High School Graduates, No College"
2013-03-01,7.7,"High School Graduates, No College"
2013-04-01,7.5,"High School Graduates, No College"
2013-05-01,7.3,"High School Graduates, No College"
2013-06-01,7.7,"High School Graduates, No College"
2013-07-01,7.5,"High School Graduates, No College"
2013-08-01,7.4,"High School Graduates, No College"
2013-09-01,7.6,"High School Graduates, No College"
2013-10-01,7.2,"High School Graduates, No College"
2013-11-01,7.2,"High School Graduates, No College"
2013-12-01,7.0,"High School Graduates, No College"
2014-01-01,6.5,"High School Graduates, No College"
2014-02-01,6.4,"High School Graduates, No College"
2014-03-01,6.3,"High School Graduates, No College"
2014-04-01,6.2,"High School Graduates, No College"
2014-05-01,6.5,"High School Graduates, No College"
2014-06-01,5.9,"High School Graduates, No College"
2014-07-01,6.1,"High School Graduates, No College"
2014-08-01,6.1,"High School Graduates, No College"
2014-09-01,5.4,"High School Graduates, No College"
2014-10-01,5.7,"High School Graduates, No College"
2014-11-01,5.7,"High School Graduates, No College"
2014-12-01,5.3,"High School Graduates, No College"
2015-01-01,5.4,"High School Graduates, No College"
2015-02-01,5.4,"High School Graduates, No College"
2015-03-01,5.3,"High School Graduates, No College"
2015-04-01,5.5,"High School Graduates, No College"
2015-05-01,5.8,"High School Graduates, No College"
2015-06-01,5.4,"High School Graduates, No College"
2015-07-01,5.5,"High School Graduates, No College"
2015-08-01,5.5,"High School Graduates, No College"
2015-09-01,5.3,"High School Graduates, No College"
2015-10-01,5.2,"High School Graduates, No College"
2015-11-01,5.4,"High School Graduates, No College"
2015-12-01,5.6,"High School Graduates, No College"
2016-01-01,5.1,"High School Graduates, No College"
2016-02-01,5.1,"High School Graduates, No College"
2016-03-01,5.3,"High School Graduates, No College"
2016-04-01,5.5,"High School Graduates, No College"
2016-05-01,5.1,"High School Graduates, No College"
2016-06-01,5.1,"High School Graduates, No College"
2016-07-01,5.1,"High School Graduates, No College"
2016-08-01,5.0,"High School Graduates, No College"
2016-09-01,5.2,"High School Graduates, No College"
2016-10-01,5.5,"High School Graduates, No College"
2016-11-01,5.0,"High School Graduates, No College"
2016-12-01,5.1,"High School Graduates, No College"
2017-01-01,5.2,"High School Graduates, No College"
2017-02-01,4.9,"High School Graduates, No College"
2017-03-01,4.9,"High School Graduates, No College"
2017-04-01,4.6,"High School Graduates, No College"
2017-05-01,4.7,"High School Graduates, No College"
2017-06-01,4.5,"High School Graduates, No College"
2017-07-01,4.5,"High School Graduates, No College"
2017-08-01,5.0,"High School Graduates, No College"
2017-09-01,4.3,"High School Graduates, No College"
2017-10-01,4.2,"High School Graduates, No College"
2017-11-01,4.4,"High School Graduates, No College"
2017-12-01,4.2,"High School Graduates, No College"
2018-01-01,4.5,"High School Graduates, No College"
2018-02-01,4.4,"High School Graduates, No College"
2018-03-01,4.3,"High School Graduates, No College"
2018-04-01,4.3,"High School Graduates, No College"
2018-05-01,3.9,"High School Graduates, No College"
2018-06-01,4.1,"High School Graduates, No College"
2018-07-01,4.1,"High School Graduates, No College"
2018-08-01,4.0,"High School Graduates, No College"
2018-09-01,3.7,"High School Graduates, No College"
2018-10-01,4.0,"High School Graduates, No College"
2018-11-01,3.5,"High School Graduates, No College"
2018-12-01,3.8,"High School Graduates, No College"
2019-01-01,3.8,"High School Graduates, No College"
2019-02-01,3.8,"High School Graduates, No College"
2019-03-01,3.7,"High School Graduates, No College"
2019-04-01,3.4,"High School Graduates, No College"
2019-05-01,3.5,"High School Graduates, No College"
2019-06-01,3.8,"High School Graduates, No College"
2019-07-01,3.6,"High School Graduates, No College"
2019-08-01,3.6,"High School Graduates, No College"
2019-09-01,3.5,"High School Graduates, No College"
2019-10-01,3.7,"High School Graduates, No College"
2019-11-01,3.6,"High School Graduates, No College"
2019-12-01,3.7,"High School Graduates, No College"
2020-01-01,3.9,"High School Graduates, No College"
2020-02-01,3.7,"High School Graduates, No College"
2020-03-01,4.5,"High School Graduates, No College"
2020-04-01,17.7,"High School Graduates, No College"
2020-05-01,15.9,"High School Graduates, No College"
2020-06-01,12.3,"High School Graduates, No College"
2020-07-01,10.8,"High School Graduates, No College"
2020-08-01,9.9,"High School Graduates, No College"
2020-09-01,9.1,"High School Graduates, No College"
2020-10-01,8.1,"High School Graduates, No College"
2020-11-01,7.8,"High School Graduates, No College"
2020-12-01,7.9,"High School Graduates, No College"
2021-01-01,7.0,"High School Graduates, No College"
2021-02-01,7.1,"High School Graduates, No College"
2021-03-01,6.7,"High School Graduates, No College"
2021-04-01,7.0,"High School Graduates, No College"
2021-05-01,6.9,"High School Graduates, No College"
2021-06-01,7.0,"High School Graduates, No College"
2021-07-01,6.3,"High School Graduates, No College"
2021-08-01,6.0,"High School Graduates, No College"
2021-09-01,5.7,"High School Graduates, No College"
2021-10-01,5.3,"High School Graduates, No College"
2021-11-01,5.1,"High School Graduates, No College"
2021-12-01,4.5,"High School Graduates, No College"
2022-01-01,4.5,"High School Graduates, No College"
2022-02-01,4.4,"High School Graduates, No College"
2022-03-01,4.0,"High School Graduates, No College"
2022-04-01,3.8,"High School Graduates, No College"
2022-05-01,3.8,"High School Graduates, No College"
2022-06-01,3.6,"High School Graduates, No College"
2022-07-01,3.6,"High School Graduates, No College"
2022-08-01,4.4,"High School Graduates, No College"
2022-09-01,3.7,"High School Graduates, No College"
2022-10-01,3.9,"High School Graduates, No College"
2022-11-01,3.9,"High School Graduates, No College"
2022-12-01,3.6,"High School Graduates, No College"
2023-01-01,3.7,"High School Graduates, No College"
2023-02-01,3.6,"High School Graduates, No College"
1992-01-01,3.1,Bachelor's Degree and Higher
1992-02-01,3.2,Bachelor's Degree and Higher
1992-03-01,2.9,Bachelor's Degree and Higher
1992-04-01,3.2,Bachelor's Degree and Higher
1992-05-01,3.2,Bachelor's Degree and Higher
1992-06-01,3.2,Bachelor's Degree and Higher
1992-07-01,3.1,Bachelor's Degree and Higher
1992-08-01,3.0,Bachelor's Degree and Higher
1992-09-01,3.2,Bachelor's Degree and Higher
1992-10-01,3.3,Bachelor's Degree and Higher
1992-11-01,3.4,Bachelor's Degree and Higher
1992-12-01,3.3,Bachelor's Degree and Higher
1993-01-01,3.1,Bachelor's Degree and Higher
1993-02-01,3.2,Bachelor's Degree and Higher
1993-03-01,3.2,Bachelor's Degree and Higher
1993-04-01,3.2,Bachelor's Degree and Higher
1993-05-01,3.0,Bachelor's Degree and Higher
1993-06-01,2.9,Bachelor's Degree and Higher
1993-07-01,2.8,Bachelor's Degree and Higher
1993-08-01,2.6,Bachelor's Degree and Higher
1993-09-01,2.8,Bachelor's Degree and Higher
1993-10-01,2.9,Bachelor's Degree and Higher
1993-11-01,2.9,Bachelor's Degree and Higher
1993-12-01,2.8,Bachelor's Degree and Higher
1994-01-01,2.9,Bachelor's Degree and Higher
1994-02-01,2.8,Bachelor's Degree and Higher
1994-03-01,2.8,Bachelor's Degree and Higher
1994-04-01,2.5,Bachelor's Degree and Higher
1994-05-01,2.5,Bachelor's Degree and Higher
1994-06-01,2.6,Bachelor's Degree and Higher
1994-07-01,2.7,Bachelor's Degree and Higher
1994-08-01,2.5,Bachelor's Degree and Higher
1994-09-01,2.5,Bachelor's Degree and Higher
1994-10-01,2.4,Bachelor's Degree and Higher
1994-11-01,2.3,Bachelor's Degree and Higher
1994-12-01,2.3,Bachelor's Degree and Higher
1995-01-01,2.4,Bachelor's Degree and Higher
1995-02-01,2.3,Bachelor's Degree and Higher
1995-03-01,2.5,Bachelor's Degree and Higher
1995-04-01,2.7,Bachelor's Degree and Higher
1995-05-01,2.5,Bachelor's Degree and Higher
1995-06-01,2.6,Bachelor's Degree and Higher
1995-07-01,2.5,Bachelor's Degree and Higher
1995-08-01,2.5,Bachelor's Degree and Higher
1995-09-01,2.4,Bachelor's Degree and Higher
1995-10-01,2.4,Bachelor's Degree and Higher
1995-11-01,2.3,Bachelor's Degree and Higher
1995-12-01,2.4,Bachelor's Degree and Higher
1996-01-01,2.4,Bachelor's Degree and Higher
1996-02-01,2.3,Bachelor's Degree and Higher
1996-03-01,2.2,Bachelor's Degree and Higher
1996-04-01,2.3,Bachelor's Degree and Higher
1996-05-01,2.3,Bachelor's Degree and Higher
1996-06-01,2.2,Bachelor's Degree and Higher
1996-07-01,2.2,Bachelor's Degree and Higher
1996-08-01,2.1,Bachelor's Degree and Higher
1996-09-01,2.2,Bachelor's Degree and Higher
1996-10-01,2.2,Bachelor's Degree and Higher
1996-11-01,2.3,Bachelor's Degree and Higher
1996-12-01,2.3,Bachelor's Degree and Higher
1997-01-01,2.1,Bachelor's Degree and Higher
1997-02-01,2.1,Bachelor's Degree and Higher
1997-03-01,2.0,Bachelor's Degree and Higher
1997-04-01,2.0,Bachelor's Degree and Higher
1997-05-01,2.2,Bachelor's Degree and Higher
1997-06-01,2.0,Bachelor's Degree and Higher
1997-07-01,2.1,Bachelor's Degree and Higher
1997-08-01,2.1,Bachelor's Degree and Higher
1997-09-01,2.1,Bachelor's Degree and Higher
1997-10-01,1.9,Bachelor's Degree and Higher
1997-11-01,1.7,Bachelor's Degree and Higher
1997-12-01,1.8,Bachelor's Degree and Higher
1998-01-01,1.9,Bachelor's Degree and Higher
1998-02-01,1.9,Bachelor's Degree and Higher
1998-03-01,1.8,Bachelor's Degree and Higher
1998-04-01,1.7,Bachelor's Degree and Higher
1998-05-01,1.7,Bachelor's Degree and Higher
1998-06-01,1.7,Bachelor's Degree and Higher
1998-07-01,1.7,Bachelor's Degree and Higher
1998-08-01,1.8,Bachelor's Degree and Higher
1998-09-01,1.7,Bachelor's Degree and Higher
1998-10-01,1.9,Bachelor's Degree and Higher
1998-11-01,1.9,Bachelor's Degree and Higher
1998-12-01,1.8,Bachelor's Degree and Higher
1999-01-01,1.8,Bachelor's Degree and Higher
1999-02-01,1.9,Bachelor's Degree and Higher
1999-03-01,1.9,Bachelor's Degree and Higher
1999-04-01,2.0,Bachelor's Degree and Higher
1999-05-01,1.9,Bachelor's Degree and Higher
1999-06-01,2.0,Bachelor's Degree and Higher
1999-07-01,1.8,Bachelor's Degree and Higher
1999-08-01,1.6,Bachelor's Degree and Higher
1999-09-01,1.7,Bachelor's Degree and Higher
1999-10-01,1.7,Bachelor's Degree and Higher
1999-11-01,1.7,Bachelor's Degree and Higher
1999-12-01,1.7,Bachelor's Degree and Higher
2000-01-01,1.8,Bachelor's Degree and Higher
2000-02-01,1.6,Bachelor's Degree and Higher
2000-03-01,1.7,Bachelor's Degree and Higher
2000-04-01,1.5,Bachelor's Degree and Higher
2000-05-01,1.6,Bachelor's Degree and Higher
2000-06-01,1.6,Bachelor's Degree and Higher
2000-07-01,1.7,Bachelor's Degree and Higher
2000-08-01,1.9,Bachelor's Degree and Higher
2000-09-01,1.9,Bachelor's Degree and Higher
2000-10-01,1.6,Bachelor's Degree and Higher
2000-11-01,1.5,Bachelor's Degree and Higher
2000-12-01,1.5,Bachelor's Degree and Higher
2001-01-01,1.6,Bachelor's Degree and Higher
2001-02-01,1.6,Bachelor's Degree and Higher
2001-03-01,2.0,Bachelor's Degree and Higher
2001-04-01,2.1,Bachelor's Degree and Higher
2001-05-01,2.1,Bachelor's Degree and Higher
2001-06-01,2.2,Bachelor's Degree and Higher
2001-07-01,2.2,Bachelor's Degree and Higher
2001-08-01,2.3,Bachelor's Degree and Higher
2001-09-01,2.5,Bachelor's Degree and Higher
2001-10-01,2.6,Bachelor's Degree and Higher
2001-11-01,2.9,Bachelor's Degree and Higher
2001-12-01,3.0,Bachelor's Degree and Higher
2002-01-01,2.9,Bachelor's Degree and Higher
2002-02-01,2.9,Bachelor's Degree and Higher
2002-03-01,2.8,Bachelor's Degree and Higher
2002-04-01,2.9,Bachelor's Degree and Higher
2002-05-01,2.9,Bachelor's Degree and Higher
2002-06-01,3.0,Bachelor's Degree and Higher
2002-07-01,3.0,Bachelor's Degree and Higher
2002-08-01,2.8,Bachelor's Degree and Higher
2002-09-01,2.9,Bachelor's Degree and Higher
2002-10-01,3.0,Bachelor's Degree and Higher
2002-11-01,2.9,Bachelor's Degree and Higher
2002-12-01,2.9,Bachelor's Degree and Higher
2003-01-01,3.0,Bachelor's Degree and Higher
2003-02-01,3.0,Bachelor's Degree and Higher
2003-03-01,3.1,Bachelor's Degree and Higher
2003-04-01,3.0,Bachelor's Degree and Higher
2003-05-01,3.0,Bachelor's Degree and Higher
2003-06-01,3.1,Bachelor's Degree and Higher
2003-07-01,3.1,Bachelor's Degree and Higher
2003-08-01,3.2,Bachelor's Degree and Higher
2003-09-01,3.2,Bachelor's Degree and Higher
2003-10-01,3.1,Bachelor's Degree and Higher
2003-11-01,3.1,Bachelor's Degree and Higher
2003-12-01,3.0,Bachelor's Degree and Higher
2004-01-01,2.9,Bachelor's Degree and Higher
2004-02-01,2.9,Bachelor's Degree and Higher
2004-03-01,2.9,Bachelor's Degree and Higher
2004-04-01,2.9,Bachelor's Degree and Higher
2004-05-01,2.9,Bachelor's Degree and Higher
2004-06-01,2.7,Bachelor's Degree and Higher
2004-07-01,2.6,Bachelor's Degree and Higher
2004-08-01,2.7,Bachelor's Degree and Higher
2004-09-01,2.6,Bachelor's Degree and Higher
2004-10-01,2.5,Bachelor's Degree and Higher
2004-11-01,2.5,Bachelor's Degree and Higher
2004-12-01,2.5,Bachelor's Degree and Higher
2005-01-01,2.4,Bachelor's Degree and Higher
2005-02-01,2.4,Bachelor's Degree and Higher
2005-03-01,2.4,Bachelor's Degree and Higher
2005-04-01,2.4,Bachelor's Degree and Higher
2005-05-01,2.4,Bachelor's Degree and Higher
2005-06-01,2.3,Bachelor's Degree and Higher
2005-07-01,2.3,Bachelor's Degree and Higher
2005-08-01,2.1,Bachelor's Degree and Higher
2005-09-01,2.3,Bachelor's Degree and Higher
2005-10-01,2.3,Bachelor's Degree and Higher
2005-11-01,2.3,Bachelor's Degree and Higher
2005-12-01,2.1,Bachelor's Degree and Higher
2006-01-01,2.1,Bachelor's Degree and Higher
2006-02-01,2.2,Bachelor's Degree and Higher
2006-03-01,2.2,Bachelor's Degree and Higher
2006-04-01,2.2,Bachelor's Degree and Higher
2006-05-01,2.1,Bachelor's Degree and Higher
2006-06-01,2.1,Bachelor's Degree and Higher
2006-07-01,2.0,Bachelor's Degree and Higher
2006-08-01,1.8,Bachelor's Degree and Higher
2006-09-01,2.1,Bachelor's Degree and Higher
2006-10-01,1.9,Bachelor's Degree and Higher
2006-11-01,1.8,Bachelor's Degree and Higher
2006-12-01,1.8,Bachelor's Degree and Higher
2007-01-01,2.1,Bachelor's Degree and Higher
2007-02-01,1.9,Bachelor's Degree and Higher
2007-03-01,1.8,Bachelor's Degree and Higher
2007-04-01,1.9,Bachelor's Degree and Higher
2007-05-01,2.0,Bachelor's Degree and Higher
2007-06-01,2.0,Bachelor's Degree and Higher
2007-07-01,2.1,Bachelor's Degree and Higher
2007-08-01,2.1,Bachelor's Degree and Higher
2007-09-01,2.0,Bachelor's Degree and Higher
2007-10-01,2.1,Bachelor's Degree and Higher
2007-11-01,2.2,Bachelor's Degree and Higher
2007-12-01,2.1,Bachelor's Degree and Higher
2008-01-01,2.1,Bachelor's Degree and Higher
2008-02-01,2.0,Bachelor's Degree and Higher
2008-03-01,2.1,Bachelor's Degree and Higher
2008-04-01,2.1,Bachelor's Degree and Higher
2008-05-01,2.2,Bachelor's Degree and Higher
2008-06-01,2.4,Bachelor's Degree and Higher
2008-07-01,2.5,Bachelor's Degree and Higher
2008-08-01,2.8,Bachelor's Degree and Higher
2008-09-01,2.6,Bachelor's Degree and Higher
2008-10-01,3.1,Bachelor's Degree and Higher
2008-11-01,3.2,Bachelor's Degree and Higher
2008-12-01,3.6,Bachelor's Degree and Higher
2009-01-01,3.9,Bachelor's Degree and Higher
2009-02-01,4.1,Bachelor's Degree and Higher
2009-03-01,4.3,Bachelor's Degree and Higher
2009-04-01,4.4,Bachelor's Degree and Higher
2009-05-01,4.8,Bachelor's Degree and Higher
2009-06-01,4.8,Bachelor's Degree and Higher
2009-07-01,4.8,Bachelor's Degree and Higher
2009-08-01,4.8,Bachelor's Degree and Higher
2009-09-01,5.0,Bachelor's Degree and Higher
2009-10-01,4.7,Bachelor's Degree and Higher
2009-11-01,4.8,Bachelor's Degree and Higher
2009-12-01,4.9,Bachelor's Degree and Higher
2010-01-01,4.9,Bachelor's Degree and Higher
2010-02-01,4.9,Bachelor's Degree and Higher
2010-03-01,4.9,Bachelor's Degree and Higher
2010-04-01,4.8,Bachelor's Degree and Higher
2010-05-01,4.6,Bachelor's Degree and Higher
2010-06-01,4.4,Bachelor's Degree and Higher
2010-07-01,4.5,Bachelor's Degree and Higher
2010-08-01,4.6,Bachelor's Degree and Higher
2010-09-01,4.5,Bachelor's Degree and Higher
2010-10-01,4.6,Bachelor's Degree and Higher
2010-11-01,5.0,Bachelor's Degree and Higher
2010-12-01,4.8,Bachelor's Degree and Higher
2011-01-01,4.3,Bachelor's Degree and Higher
2011-02-01,4.3,Bachelor's Degree and Higher
2011-03-01,4.4,Bachelor's Degree and Higher
2011-04-01,4.5,Bachelor's Degree and Higher
2011-05-01,4.5,Bachelor's Degree and Higher
2011-06-01,4.3,Bachelor's Degree and Higher
2011-07-01,4.2,Bachelor's Degree and Higher
2011-08-01,4.2,Bachelor's Degree and Higher
2011-09-01,4.2,Bachelor's Degree and Higher
2011-10-01,4.3,Bachelor's Degree and Higher
2011-11-01,4.4,Bachelor's Degree and Higher
2011-12-01,4.1,Bachelor's Degree and Higher
2012-01-01,4.3,Bachelor's Degree and Higher
2012-02-01,4.2,Bachelor's Degree and Higher
2012-03-01,4.1,Bachelor's Degree and Higher
2012-04-01,4.0,Bachelor's Degree and Higher
2012-05-01,3.9,Bachelor's Degree and Higher
2012-06-01,4.0,Bachelor's Degree and Higher
2012-07-01,4.1,Bachelor's Degree and Higher
2012-08-01,4.1,Bachelor's Degree and Higher
2012-09-01,4.0,Bachelor's Degree and Higher
2012-10-01,3.7,Bachelor's Degree and Higher
2012-11-01,3.9,Bachelor's Degree and Higher
2012-12-01,4.0,Bachelor's Degree and Higher
2013-01-01,3.8,Bachelor's Degree and Higher
2013-02-01,3.9,Bachelor's Degree and Higher
2013-03-01,3.8,Bachelor's Degree and Higher
2013-04-01,3.9,Bachelor's Degree and Higher
2013-05-01,3.9,Bachelor's Degree and Higher
2013-06-01,3.8,Bachelor's Degree and Higher
2013-07-01,3.8,Bachelor's Degree and Higher
2013-08-01,3.4,Bachelor's Degree and Higher
2013-09-01,3.7,Bachelor's Degree and Higher
2013-10-01,3.7,Bachelor's Degree and Higher
2013-11-01,3.4,Bachelor's Degree and Higher
2013-12-01,3.3,Bachelor's Degree and Higher
2014-01-01,3.3,Bachelor's Degree and Higher
2014-02-01,3.4,Bachelor's Degree and Higher
2014-03-01,3.4,Bachelor's Degree and Higher
2014-04-01,3.3,Bachelor's Degree and Higher
2014-05-01,3.2,Bachelor's Degree and Higher
2014-06-01,3.3,Bachelor's Degree and Higher
2014-07-01,3.1,Bachelor's Degree and Higher
2014-08-01,3.2,Bachelor's Degree and Higher
2014-09-01,2.9,Bachelor's Degree and Higher
2014-10-01,3.0,Bachelor's Degree and Higher
2014-11-01,3.2,Bachelor's Degree and Higher
2014-12-01,2.8,Bachelor's Degree and Higher
2015-01-01,2.8,Bachelor's Degree and Higher
2015-02-01,2.7,Bachelor's Degree and Higher
2015-03-01,2.4,Bachelor's Degree and Higher
2015-04-01,2.7,Bachelor's Degree and Higher
2015-05-01,2.8,Bachelor's Degree and Higher
2015-06-01,2.5,Bachelor's Degree and Higher
2015-07-01,2.5,Bachelor's Degree and Higher
2015-08-01,2.4,Bachelor's Degree and Higher
2015-09-01,2.5,Bachelor's Degree and Higher
2015-10-01,2.5,Bachelor's Degree and Higher
2015-11-01,2.5,Bachelor's Degree and Higher
2015-12-01,2.5,Bachelor's Degree and Higher
2016-01-01,2.5,Bachelor's Degree and Higher
2016-02-01,2.5,Bachelor's Degree and Higher
2016-03-01,2.6,Bachelor's Degree and Higher
2016-04-01,2.5,Bachelor's Degree and Higher
2016-05-01,2.5,Bachelor's Degree and Higher
2016-06-01,2.5,Bachelor's Degree and Higher
2016-07-01,2.4,Bachelor's Degree and Higher
2016-08-01,2.6,Bachelor's Degree and Higher
2016-09-01,2.5,Bachelor's Degree and Higher
2016-10-01,2.6,Bachelor's Degree and Higher
2016-11-01,2.4,Bachelor's Degree and Higher
2016-12-01,2.5,Bachelor's Degree and Higher
2017-01-01,2.5,Bachelor's Degree and Higher
2017-02-01,2.4,Bachelor's Degree and Higher
2017-03-01,2.5,Bachelor's Degree and Higher
2017-04-01,2.5,Bachelor's Degree and Higher
2017-05-01,2.3,Bachelor's Degree and Higher
2017-06-01,2.3,Bachelor's Degree and Higher
2017-07-01,2.3,Bachelor's Degree and Higher
2017-08-01,2.4,Bachelor's Degree and Higher
2017-09-01,2.3,Bachelor's Degree and Higher
2017-10-01,2.1,Bachelor's Degree and Higher
2017-11-01,2.1,Bachelor's Degree and Higher
2017-12-01,2.2,Bachelor's Degree and Higher
2018-01-01,2.1,Bachelor's Degree and Higher
2018-02-01,2.2,Bachelor's Degree and Higher
2018-03-01,2.3,Bachelor's Degree and Higher
2018-04-01,2.1,Bachelor's Degree and Higher
2018-05-01,2.0,Bachelor's Degree and Higher
2018-06-01,2.3,Bachelor's Degree and Higher
2018-07-01,2.2,Bachelor's Degree and Higher
2018-08-01,2.0,Bachelor's Degree and Higher
2018-09-01,2.0,Bachelor's Degree and Higher
2018-10-01,2.0,Bachelor's Degree and Higher
2018-11-01,2.2,Bachelor's Degree and Higher
2018-12-01,2.2,Bachelor's Degree and Higher
2019-01-01,2.4,Bachelor's Degree and Higher
2019-02-01,2.2,Bachelor's Degree and Higher
2019-03-01,2.1,Bachelor's Degree and Higher
2019-04-01,2.1,Bachelor's Degree and Higher
2019-05-01,2.2,Bachelor's Degree and Higher
2019-06-01,2.1,Bachelor's Degree and Higher
2019-07-01,2.2,Bachelor's Degree and Higher
2019-08-01,2.1,Bachelor's Degree and Higher
2019-09-01,2.0,Bachelor's Degree and Higher
2019-10-01,2.1,Bachelor's Degree and Higher
2019-11-01,1.9,Bachelor's Degree and Higher
2019-12-01,2.0,Bachelor's Degree and Higher
2020-01-01,1.9,Bachelor's Degree and Higher
2020-02-01,1.9,Bachelor's Degree and Higher
2020-03-01,2.5,Bachelor's Degree and Higher
2020-04-01,8.4,Bachelor's Degree and Higher
2020-05-01,7.4,Bachelor's Degree and Higher
2020-06-01,6.8,Bachelor's Degree and Higher
2020-07-01,6.7,Bachelor's Degree and Higher
2020-08-01,5.2,Bachelor's Degree and Higher
2020-09-01,4.8,Bachelor's Degree and Higher
2020-10-01,4.2,Bachelor's Degree and Higher
2020-11-01,4.2,Bachelor's Degree and Higher
2020-12-01,3.8,Bachelor's Degree and Higher
2021-01-01,4.0,Bachelor's Degree and Higher
2021-02-01,3.8,Bachelor's Degree and Higher
2021-03-01,3.7,Bachelor's Degree and Higher
2021-04-01,3.5,Bachelor's Degree and Higher
2021-05-01,3.1,Bachelor's Degree and Higher
2021-06-01,3.4,Bachelor's Degree and Higher
2021-07-01,3.1,Bachelor's Degree and Higher
2021-08-01,2.8,Bachelor's Degree and Higher
2021-09-01,2.5,Bachelor's Degree and Higher
2021-10-01,2.4,Bachelor's Degree and Higher
2021-11-01,2.2,Bachelor's Degree and Higher
2021-12-01,2.1,Bachelor's Degree and Higher
2022-01-01,2.3,Bachelor's Degree and Higher
2022-02-01,2.2,Bachelor's Degree and Higher
2022-03-01,2.0,Bachelor's Degree and Higher
2022-04-01,2.0,Bachelor's Degree and Higher
2022-05-01,2.0,Bachelor's Degree and Higher
2022-06-01,2.1,Bachelor's Degree and Higher
2022-07-01,2.0,Bachelor's Degree and Higher
2022-08-01,1.9,Bachelor's Degree and Higher
2022-09-01,1.8,Bachelor's Degree and Higher
2022-10-01,1.9,Bachelor's Degree and Higher
2022-11-01,2.0,Bachelor's Degree and Higher
2022-12-01,1.9,Bachelor's Degree and Higher
2023-01-01,2.0,Bachelor's Degree and Higher
2023-02-01,2.0,Bachelor's Degree and Higher
1992-01-01,5.6,Some College or Associate Degree
1992-02-01,5.6,Some College or Associate Degree
1992-03-01,5.7,Some College or Associate Degree
1992-04-01,5.7,Some College or Associate Degree
1992-05-01,5.7,Some College or Associate Degree
1992-06-01,5.8,Some College or Associate Degree
1992-07-01,5.7,Some College or Associate Degree
1992-08-01,5.6,Some College or Associate Degree
1992-09-01,5.6,Some College or Associate Degree
1992-10-01,5.6,Some College or Associate Degree
1992-11-01,5.5,Some College or Associate Degree
1992-12-01,5.7,Some College or Associate Degree
1993-01-01,5.6,Some College or Associate Degree
1993-02-01,5.5,Some College or Associate Degree
1993-03-01,5.3,Some College or Associate Degree
1993-04-01,5.2,Some College or Associate Degree
1993-05-01,5.1,Some College or Associate Degree
1993-06-01,5.3,Some College or Associate Degree
1993-07-01,5.2,Some College or Associate Degree
1993-08-01,5.5,Some College or Associate Degree
1993-09-01,5.1,Some College or Associate Degree
1993-10-01,5.1,Some College or Associate Degree
1993-11-01,5.0,Some College or Associate Degree
1993-12-01,4.9,Some College or Associate Degree
1994-01-01,4.8,Some College or Associate Degree
1994-02-01,4.8,Some College or Associate Degree
1994-03-01,4.6,Some College or Associate Degree
1994-04-01,4.7,Some College or Associate Degree
1994-05-01,4.6,Some College or Associate Degree
1994-06-01,4.4,Some College or Associate Degree
1994-07-01,4.3,Some College or Associate Degree
1994-08-01,4.3,Some College or Associate Degree
1994-09-01,4.3,Some College or Associate Degree
1994-10-01,4.2,Some College or Associate Degree
1994-11-01,4.3,Some College or Associate Degree
1994-12-01,4.0,Some College or Associate Degree
1995-01-01,4.0,Some College or Associate Degree
1995-02-01,3.7,Some College or Associate Degree
1995-03-01,4.1,Some College or Associate Degree
1995-04-01,4.1,Some College or Associate Degree
1995-05-01,4.2,Some College or Associate Degree
1995-06-01,4.1,Some College or Associate Degree
1995-07-01,4.1,Some College or Associate Degree
1995-08-01,4.0,Some College or Associate Degree
1995-09-01,3.8,Some College or Associate Degree
1995-10-01,3.9,Some College or Associate Degree
1995-11-01,4.1,Some College or Associate Degree
1995-12-01,3.7,Some College or Associate Degree
1996-01-01,3.9,Some College or Associate Degree
1996-02-01,3.8,Some College or Associate Degree
1996-03-01,3.7,Some College or Associate Degree
1996-04-01,3.8,Some College or Associate Degree
1996-05-01,3.8,Some College or Associate Degree
1996-06-01,3.8,Some College or Associate Degree
1996-07-01,3.7,Some College or Associate Degree
1996-08-01,3.7,Some College or Associate Degree
1996-09-01,3.7,Some College or Associate Degree
1996-10-01,3.7,Some College or Associate Degree
1996-11-01,3.7,Some College or Associate Degree
1996-12-01,3.7,Some College or Associate Degree
1997-01-01,3.5,Some College or Associate Degree
1997-02-01,3.5,Some College or Associate Degree
1997-03-01,3.5,Some College or Associate Degree
1997-04-01,3.4,Some College or Associate Degree
1997-05-01,3.0,Some College or Associate Degree
1997-06-01,3.3,Some College or Associate Degree
1997-07-01,3.1,Some College or Associate Degree
1997-08-01,3.2,Some College or Associate Degree
1997-09-01,3.3,Some College or Associate Degree
1997-10-01,2.9,Some College or Associate Degree
1997-11-01,3.1,Some College or Associate Degree
1997-12-01,3.3,Some College or Associate Degree
1998-01-01,3.2,Some College or Associate Degree
1998-02-01,3.1,Some College or Associate Degree
1998-03-01,3.2,Some College or Associate Degree
1998-04-01,2.7,Some College or Associate Degree
1998-05-01,3.2,Some College or Associate Degree
1998-06-01,2.8,Some College or Associate Degree
1998-07-01,2.9,Some College or Associate Degree
1998-08-01,2.7,Some College or Associate Degree
1998-09-01,3.0,Some College or Associate Degree
1998-10-01,3.0,Some College or Associate Degree
1998-11-01,2.9,Some College or Associate Degree
1998-12-01,2.9,Some College or Associate Degree
1999-01-01,2.9,Some College or Associate Degree
1999-02-01,3.1,Some College or Associate Degree
1999-03-01,2.9,Some College or Associate Degree
1999-04-01,3.0,Some College or Associate Degree
1999-05-01,2.9,Some College or Associate Degree
1999-06-01,2.4,Some College or Associate Degree
1999-07-01,3.0,Some College or Associate Degree
1999-08-01,3.0,Some College or Associate Degree
1999-09-01,2.7,Some College or Associate Degree
1999-10-01,2.7,Some College or Associate Degree
1999-11-01,2.7,Some College or Associate Degree
1999-12-01,2.5,Some College or Associate Degree
2000-01-01,2.6,Some College or Associate Degree
2000-02-01,3.0,Some College or Associate Degree
2000-03-01,2.8,Some College or Associate Degree
2000-04-01,2.6,Some College or Associate Degree
2000-05-01,2.6,Some College or Associate Degree
2000-06-01,2.7,Some College or Associate Degree
2000-07-01,2.8,Some College or Associate Degree
2000-08-01,2.8,Some College or Associate Degree
2000-09-01,2.6,Some College or Associate Degree
2000-10-01,2.4,Some College or Associate Degree
2000-11-01,2.6,Some College or Associate Degree
2000-12-01,2.7,Some College or Associate Degree
2001-01-01,3.0,Some College or Associate Degree
2001-02-01,2.8,Some College or Associate Degree
2001-03-01,2.7,Some College or Associate Degree
2001-04-01,2.9,Some College or Associate Degree
2001-05-01,3.0,Some College or Associate Degree
2001-06-01,3.0,Some College or Associate Degree
2001-07-01,3.0,Some College or Associate Degree
2001-08-01,3.3,Some College or Associate Degree
2001-09-01,3.4,Some College or Associate Degree
2001-10-01,4.1,Some College or Associate Degree
2001-11-01,4.2,Some College or Associate Degree
2001-12-01,4.2,Some College or Associate Degree
2002-01-01,4.3,Some College or Associate Degree
2002-02-01,4.2,Some College or Associate Degree
2002-03-01,4.3,Some College or Associate Degree
2002-04-01,4.6,Some College or Associate Degree
2002-05-01,4.8,Some College or Associate Degree
2002-06-01,4.6,Some College or Associate Degree
2002-07-01,4.4,Some College or Associate Degree
2002-08-01,4.4,Some College or Associate Degree
2002-09-01,4.6,Some College or Associate Degree
2002-10-01,4.6,Some College or Associate Degree
2002-11-01,4.7,Some College or Associate Degree
2002-12-01,4.9,Some College or Associate Degree
2003-01-01,4.7,Some College or Associate Degree
2003-02-01,4.7,Some College or Associate Degree
2003-03-01,4.8,Some College or Associate Degree
2003-04-01,4.8,Some College or Associate Degree
2003-05-01,4.9,Some College or Associate Degree
2003-06-01,4.9,Some College or Associate Degree
2003-07-01,5.0,Some College or Associate Degree
2003-08-01,4.9,Some College or Associate Degree
2003-09-01,4.9,Some College or Associate Degree
2003-10-01,4.8,Some College or Associate Degree
2003-11-01,4.7,Some College or Associate Degree
2003-12-01,4.4,Some College or Associate Degree
2004-01-01,4.5,Some College or Associate Degree
2004-02-01,4.3,Some College or Associate Degree
2004-03-01,4.7,Some College or Associate Degree
2004-04-01,4.1,Some College or Associate Degree
2004-05-01,4.0,Some College or Associate Degree
2004-06-01,4.1,Some College or Associate Degree
2004-07-01,4.2,Some College or Associate Degree
2004-08-01,4.1,Some College or Associate Degree
2004-09-01,4.1,Some College or Associate Degree
2004-10-01,4.2,Some College or Associate Degree
2004-11-01,4.3,Some College or Associate Degree
2004-12-01,4.2,Some College or Associate Degree
2005-01-01,4.1,Some College or Associate Degree
2005-02-01,4.2,Some College or Associate Degree
2005-03-01,3.9,Some College or Associate Degree
2005-04-01,3.9,Some College or Associate Degree
2005-05-01,3.9,Some College or Associate Degree
2005-06-01,3.9,Some College or Associate Degree
2005-07-01,3.7,Some College or Associate Degree
2005-08-01,3.5,Some College or Associate Degree
2005-09-01,3.7,Some College or Associate Degree
2005-10-01,3.8,Some College or Associate Degree
2005-11-01,3.9,Some College or Associate Degree
2005-12-01,3.9,Some College or Associate Degree
2006-01-01,3.6,Some College or Associate Degree
2006-02-01,3.6,Some College or Associate Degree
2006-03-01,3.7,Some College or Associate Degree
2006-04-01,3.8,Some College or Associate Degree
2006-05-01,3.8,Some College or Associate Degree
2006-06-01,3.5,Some College or Associate Degree
2006-07-01,3.6,Some College or Associate Degree
2006-08-01,3.5,Some College or Associate Degree
2006-09-01,3.6,Some College or Associate Degree
2006-10-01,3.4,Some College or Associate Degree
2006-11-01,3.4,Some College or Associate Degree
2006-12-01,3.4,Some College or Associate Degree
2007-01-01,3.8,Some College or Associate Degree
2007-02-01,3.6,Some College or Associate Degree
2007-03-01,3.6,Some College or Associate Degree
2007-04-01,3.6,Some College or Associate Degree
2007-05-01,3.4,Some College or Associate Degree
2007-06-01,3.5,Some College or Associate Degree
2007-07-01,3.6,Some College or Associate Degree
2007-08-01,3.6,Some College or Associate Degree
2007-09-01,3.4,Some College or Associate Degree
2007-10-01,3.5,Some College or Associate Degree
2007-11-01,3.3,Some College or Associate Degree
2007-12-01,3.8,Some College or Associate Degree
2008-01-01,3.7,Some College or Associate Degree
2008-02-01,3.8,Some College or Associate Degree
2008-03-01,3.9,Some College or Associate Degree
2008-04-01,4.0,Some College or Associate Degree
2008-05-01,4.3,Some College or Associate Degree
2008-06-01,4.3,Some College or Associate Degree
2008-07-01,4.6,Some College or Associate Degree
2008-08-01,4.9,Some College or Associate Degree
2008-09-01,5.0,Some College or Associate Degree
2008-10-01,5.2,Some College or Associate Degree
2008-11-01,5.5,Some College or Associate Degree
2008-12-01,5.7,Some College or Associate Degree
2009-01-01,6.5,Some College or Associate Degree
2009-02-01,7.3,Some College or Associate Degree
2009-03-01,7.5,Some College or Associate Degree
2009-04-01,7.7,Some College or Associate Degree
2009-05-01,7.8,Some College or Associate Degree
2009-06-01,8.1,Some College or Associate Degree
2009-07-01,8.0,Some College or Associate Degree
2009-08-01,8.1,Some College or Associate Degree
2009-09-01,8.3,Some College or Associate Degree
2009-10-01,8.7,Some College or Associate Degree
2009-11-01,8.8,Some College or Associate Degree
2009-12-01,8.7,Some College or Associate Degree
2010-01-01,8.6,Some College or Associate Degree
2010-02-01,8.1,Some College or Associate Degree
2010-03-01,8.4,Some College or Associate Degree
2010-04-01,8.4,Some College or Associate Degree
2010-05-01,8.2,Some College or Associate Degree
2010-06-01,8.1,Some College or Associate Degree
2010-07-01,8.3,Some College or Associate Degree
2010-08-01,8.7,Some College or Associate Degree
2010-09-01,8.9,Some College or Associate Degree
2010-10-01,8.2,Some College or Associate Degree
2010-11-01,8.6,Some College or Associate Degree
2010-12-01,8.1,Some College or Associate Degree
2011-01-01,8.1,Some College or Associate Degree
2011-02-01,7.9,Some College or Associate Degree
2011-03-01,7.5,Some College or Associate Degree
2011-04-01,7.5,Some College or Associate Degree
2011-05-01,7.8,Some College or Associate Degree
2011-06-01,8.3,Some College or Associate Degree
2011-07-01,8.3,Some College or Associate Degree
2011-08-01,8.3,Some College or Associate Degree
2011-09-01,8.5,Some College or Associate Degree
2011-10-01,8.1,Some College or Associate Degree
2011-11-01,7.7,Some College or Associate Degree
2011-12-01,7.6,Some College or Associate Degree
2012-01-01,7.1,Some College or Associate Degree
2012-02-01,7.2,Some College or Associate Degree
2012-03-01,7.5,Some College or Associate Degree
2012-04-01,7.6,Some College or Associate Degree
2012-05-01,7.7,Some College or Associate Degree
2012-06-01,7.3,Some College or Associate Degree
2012-07-01,7.2,Some College or Associate Degree
2012-08-01,6.7,Some College or Associate Degree
2012-09-01,6.6,Some College or Associate Degree
2012-10-01,6.9,Some College or Associate Degree
2012-11-01,6.5,Some College or Associate Degree
2012-12-01,6.9,Some College or Associate Degree
2013-01-01,6.9,Some College or Associate Degree
2013-02-01,6.5,Some College or Associate Degree
2013-03-01,6.3,Some College or Associate Degree
2013-04-01,6.4,Some College or Associate Degree
2013-05-01,6.5,Some College or Associate Degree
2013-06-01,6.5,Some College or Associate Degree
2013-07-01,6.1,Some College or Associate Degree
2013-08-01,6.1,Some College or Associate Degree
2013-09-01,6.1,Some College or Associate Degree
2013-10-01,6.4,Some College or Associate Degree
2013-11-01,6.4,Some College or Associate Degree
2013-12-01,6.2,Some College or Associate Degree
2014-01-01,5.9,Some College or Associate Degree
2014-02-01,6.0,Some College or Associate Degree
2014-03-01,6.0,Some College or Associate Degree
2014-04-01,5.7,Some College or Associate Degree
2014-05-01,5.5,Some College or Associate Degree
2014-06-01,5.2,Some College or Associate Degree
2014-07-01,5.3,Some College or Associate Degree
2014-08-01,5.3,Some College or Associate Degree
2014-09-01,5.4,Some College or Associate Degree
2014-10-01,4.9,Some College or Associate Degree
2014-11-01,4.9,Some College or Associate Degree
2014-12-01,5.0,Some College or Associate Degree
2015-01-01,5.2,Some College or Associate Degree
2015-02-01,5.0,Some College or Associate Degree
2015-03-01,4.8,Some College or Associate Degree
2015-04-01,4.7,Some College or Associate Degree
2015-05-01,4.4,Some College or Associate Degree
2015-06-01,4.2,Some College or Associate Degree
2015-07-01,4.3,Some College or Associate Degree
2015-08-01,4.3,Some College or Associate Degree
2015-09-01,4.3,Some College or Associate Degree
2015-10-01,4.4,Some College or Associate Degree
2015-11-01,4.4,Some College or Associate Degree
2015-12-01,4.1,Some College or Associate Degree
2016-01-01,4.3,Some College or Associate Degree
2016-02-01,4.3,Some College or Associate Degree
2016-03-01,4.1,Some College or Associate Degree
2016-04-01,4.2,Some College or Associate Degree
2016-05-01,3.9,Some College or Associate Degree
2016-06-01,4.1,Some College or Associate Degree
2016-07-01,4.2,Some College or Associate Degree
2016-08-01,4.2,Some College or Associate Degree
2016-09-01,4.2,Some College or Associate Degree
2016-10-01,3.9,Some College or Associate Degree
2016-11-01,3.9,Some College or Associate Degree
2016-12-01,3.8,Some College or Associate Degree
2017-01-01,3.9,Some College or Associate Degree
2017-02-01,4.1,Some College or Associate Degree
2017-03-01,3.6,Some College or Associate Degree
2017-04-01,3.6,Some College or Associate Degree
2017-05-01,4.0,Some College or Associate Degree
2017-06-01,3.7,Some College or Associate Degree
2017-07-01,3.7,Some College or Associate Degree
2017-08-01,3.7,Some College or Associate Degree
2017-09-01,3.6,Some College or Associate Degree
2017-10-01,3.7,Some College or Associate Degree
2017-11-01,3.7,Some College or Associate Degree
2017-12-01,3.6,Some College or Associate Degree
2018-01-01,3.4,Some College or Associate Degree
2018-02-01,3.5,Some College or Associate Degree
2018-03-01,3.5,Some College or Associate Degree
2018-04-01,3.4,Some College or Associate Degree
2018-05-01,3.2,Some College or Associate Degree
2018-06-01,3.3,Some College or Associate Degree
2018-07-01,3.1,Some College or Associate Degree
2018-08-01,3.5,Some College or Associate Degree
2018-09-01,3.2,Some College or Associate Degree
2018-10-01,3.0,Some College or Associate Degree
2018-11-01,3.2,Some College or Associate Degree
2018-12-01,3.3,Some College or Associate Degree
2019-01-01,3.4,Some College or Associate Degree
2019-02-01,3.2,Some College or Associate Degree
2019-03-01,3.4,Some College or Associate Degree
2019-04-01,3.1,Some College or Associate Degree
2019-05-01,2.7,Some College or Associate Degree
2019-06-01,3.0,Some College or Associate Degree
2019-07-01,3.1,Some College or Associate Degree
2019-08-01,3.0,Some College or Associate Degree
2019-09-01,2.9,Some College or Associate Degree
2019-10-01,2.8,Some College or Associate Degree
2019-11-01,2.9,Some College or Associate Degree
2019-12-01,2.8,Some College or Associate Degree
2020-01-01,2.8,Some College or Associate Degree
2020-02-01,3.0,Some College or Associate Degree
2020-03-01,3.8,Some College or Associate Degree
2020-04-01,15.5,Some College or Associate Degree
2020-05-01,13.8,Some College or Associate Degree
2020-06-01,10.9,Some College or Associate Degree
2020-07-01,9.6,Some College or Associate Degree
2020-08-01,7.7,Some College or Associate Degree
2020-09-01,8.2,Some College or Associate Degree
2020-10-01,6.6,Some College or Associate Degree
2020-11-01,6.4,Some College or Associate Degree
2020-12-01,6.4,Some College or Associate Degree
2021-01-01,6.1,Some College or Associate Degree
2021-02-01,5.7,Some College or Associate Degree
2021-03-01,5.9,Some College or Associate Degree
2021-04-01,6.0,Some College or Associate Degree
2021-05-01,6.0,Some College or Associate Degree
2021-06-01,5.8,Some College or Associate Degree
2021-07-01,4.9,Some College or Associate Degree
2021-08-01,5.0,Some College or Associate Degree
2021-09-01,4.5,Some College or Associate Degree
2021-10-01,4.3,Some College or Associate Degree
2021-11-01,3.6,Some College or Associate Degree
2021-12-01,3.5,Some College or Associate Degree
2022-01-01,3.5,Some College or Associate Degree
2022-02-01,3.7,Some College or Associate Degree
2022-03-01,3.1,Some College or Associate Degree
2022-04-01,3.1,Some College or Associate Degree
2022-05-01,3.4,Some College or Associate Degree
2022-06-01,3.1,Some College or Associate Degree
2022-07-01,2.9,Some College or Associate Degree
2022-08-01,2.9,Some College or Associate Degree
2022-09-01,2.9,Some College or Associate Degree
2022-10-01,3.0,Some College or Associate Degree
2022-11-01,3.2,Some College or Associate Degree
2022-12-01,2.9,Some College or Associate Degree
2023-01-01,2.9,Some College or Associate Degree
2023-02-01,3.2,Some College or Associate Degree
